"Name () (71c)","Team () (71c)","Injury () (71d)","Date Injured () (71d)"
"Rudy Gobert","Minnesota Timberwolves",,
"Naz Reid","Minnesota Timberwolves",,
"Luka Garza","Minnesota Timberwolves",,
"Julius Randle","Minnesota Timberwolves",,
"Jesse Edwards","Minnesota Timberwolves",,
"Julius Randle","Minnesota Timberwolves",,
"Naz Reid","Minnesota Timberwolves",,
"Jaden McDaniels","Minnesota Timberwolves",,
"Joe Ingles","Minnesota Timberwolves",,
"Mike Conley","Minnesota Timberwolves",,
"Donte DiVincenzo","Minnesota Timberwolves",,
"Robert Dillingham","Minnesota Timberwolves","Ankle","2025-4-21"
"Anthony Edwards","Minnesota Timberwolves",,
"Bones Hyland","Minnesota Timberwolves",,
"Tristen Newton","Minnesota Timberwolves",,
"Jaden McDaniels","Minnesota Timberwolves",,
"Jaylen Clark","Minnesota Timberwolves",,
"Terrence Shannon Jr.","Minnesota Timberwolves",,
"Nickeil Alexander-Walker","Minnesota Timberwolves",,
"Donte DiVincenzo","Minnesota Timberwolves",,
"Joe Ingles","Minnesota Timberwolves",,
"Josh Minott","Minnesota Timberwolves",,
"Anthony Edwards","Minnesota Timberwolves",,
"Anthony Edwards","Minnesota Timberwolves",,
"Nickeil Alexander-Walker","Minnesota Timberwolves",,
"Donte DiVincenzo","Minnesota Timberwolves",,
"Terrence Shannon Jr.","Minnesota Timberwolves",,
"Jaylen Clark","Minnesota Timberwolves",,
"Joe Ingles","Minnesota Timberwolves",,
"Josh Minott","Minnesota Timberwolves",,
"Bones Hyland","Minnesota Timberwolves",,
"Tristen Newton","Minnesota Timberwolves",,
"Myles Turner","Indiana Pacers",,
"Thomas Bryant","Indiana Pacers",,
"Obi Toppin","Indiana Pacers",,
"Tony Bradley","Indiana Pacers",,
"Pascal Siakam","Indiana Pacers",,
"James Johnson","Indiana Pacers",,
"Jarace Walker","Indiana Pacers",,
"Isaiah Jackson","Indiana Pacers","Achilles","2025-11-2"
"Enrique Freeman","Indiana Pacers",,
"Pascal Siakam","Indiana Pacers",,
"Obi Toppin","Indiana Pacers",,
"Jarace Walker","Indiana Pacers",,
"Aaron Nesmith","Indiana Pacers",,
"James Johnson","Indiana Pacers",,
"Enrique Freeman","Indiana Pacers",,
"Tyrese Haliburton","Indiana Pacers",,
"T.J. McConnell","Indiana Pacers",,
"Andrew Nembhard","Indiana Pacers",,
"Ben Sheppard","Indiana Pacers",,
"RayJ Dennis","Indiana Pacers",,
"Quenton Jackson","Indiana Pacers",,
"Aaron Nesmith","Indiana Pacers",,
"Jarace Walker","Indiana Pacers",,
"Bennedict Mathurin","Indiana Pacers",,
"Johnny Furphy","Indiana Pacers",,
"Ben Sheppard","Indiana Pacers",,
"Pascal Siakam","Indiana Pacers",,
"Quenton Jackson","Indiana Pacers",,
"Andrew Nembhard","Indiana Pacers",,
"Bennedict Mathurin","Indiana Pacers",,
"Ben Sheppard","Indiana Pacers",,
"Aaron Nesmith","Indiana Pacers",,
"Johnny Furphy","Indiana Pacers",,
"Tyrese Haliburton","Indiana Pacers",,
"Quenton Jackson","Indiana Pacers",,
"Walker Kessler","Utah Jazz","Concussion","2025-4-22"
"Oscar Tshiebwe","Utah Jazz",,
"Kyle Filipowski","Utah Jazz",,
"Micah Potter","Utah Jazz",,
"John Collins","Utah Jazz","Ankle","2025-4-22"
"Taylor Hendricks","Utah Jazz","Lower Leg","2025-4-18"
"Kyle Filipowski","Utah Jazz",,
"KJ Martin Jr.","Utah Jazz",,
"Micah Potter","Utah Jazz",,
"Brice Sensabaugh","Utah Jazz",,
"Lauri Markkanen","Utah Jazz","Knee","2025-4-22"
"John Collins","Utah Jazz","Ankle","2025-4-22"
"Taylor Hendricks","Utah Jazz","Lower Leg","2025-4-18"
"Cody Williams","Utah Jazz","Illness","2025-4-18"
"Isaiah Collier","Utah Jazz","Hamstring","2025-4-22"
"Keyonte George","Utah Jazz",,
"Elijah Harkless","Utah Jazz",,
"Collin Sexton","Utah Jazz",,
"Jordan Clarkson","Utah Jazz","Foot","2025-4-18"
"Brice Sensabaugh","Utah Jazz",,
"Sviatoslav Mykhailiuk","Utah Jazz",,
"Johnny Juzang","Utah Jazz",,
"KJ Martin Jr.","Utah Jazz",,
"Jaden Springer","Utah Jazz",,
"Lauri Markkanen","Utah Jazz","Knee","2025-4-22"
"Cody Williams","Utah Jazz","Illness","2025-4-18"
"Jordan Clarkson","Utah Jazz","Foot","2025-4-18"
"Taylor Hendricks","Utah Jazz","Lower Leg","2025-4-18"
"Collin Sexton","Utah Jazz",,
"Johnny Juzang","Utah Jazz",,
"Jaden Springer","Utah Jazz",,
"Keyonte George","Utah Jazz",,
"Sviatoslav Mykhailiuk","Utah Jazz",,
"Brice Sensabaugh","Utah Jazz",,
"Isaiah Collier","Utah Jazz","Hamstring","2025-4-22"
"Elijah Harkless","Utah Jazz",,
"Jordan Clarkson","Utah Jazz","Foot","2025-4-18"
"Wendell Carter Jr.","Orlando Magic",,
"Jonathan Isaac","Orlando Magic",,
"Goga Bitadze","Orlando Magic",,
"Moritz Wagner","Orlando Magic","Knee","2025-12-22"
"Paolo Banchero","Orlando Magic",,
"Caleb Houstan","Orlando Magic",,
"Jonathan Isaac","Orlando Magic",,
"Tristan Da Silva","Orlando Magic",,
"Jett Howard","Orlando Magic",,
"Wendell Carter Jr.","Orlando Magic",,
"Franz Wagner","Orlando Magic",,
"Moritz Wagner","Orlando Magic","Knee","2025-12-22"
"Cory Joseph","Orlando Magic",,
"Anthony Black","Orlando Magic",,
"Cole Anthony","Orlando Magic",,
"Trevelin Queen","Orlando Magic",,
"Mac McClung","Orlando Magic",,
"Ethan Thompson","Orlando Magic",,
"Jalen Suggs","Orlando Magic","Knee","2025-3-4"
"Franz Wagner","Orlando Magic",,
"Gary Harris","Orlando Magic",,
"Caleb Houstan","Orlando Magic",,
"Tristan Da Silva","Orlando Magic",,
"Jett Howard","Orlando Magic",,
"Kentavious Caldwell-Pope","Orlando Magic",,
"Anthony Black","Orlando Magic",,
"Jonathan Isaac","Orlando Magic",,
"Paolo Banchero","Orlando Magic",,
"Kentavious Caldwell-Pope","Orlando Magic",,
"Cole Anthony","Orlando Magic",,
"Gary Harris","Orlando Magic",,
"Jett Howard","Orlando Magic",,
"Franz Wagner","Orlando Magic",,
"Caleb Houstan","Orlando Magic",,
"Anthony Black","Orlando Magic",,
"Trevelin Queen","Orlando Magic",,
"Mac McClung","Orlando Magic",,
"Ethan Thompson","Orlando Magic",,
"Jalen Suggs","Orlando Magic","Knee","2025-3-4"
"Onyeka Okongwu","Atlanta Hawks",,
"Dominick Barlow","Atlanta Hawks",,
"Mouhamed Gueye","Atlanta Hawks",,
"Clint Capela","Atlanta Hawks","Hand","2025-4-19"
"Larry Nance Jr.","Atlanta Hawks","Knee","2025-4-19"
"Jalen Johnson","Atlanta Hawks","Shoulder","2025-4-19"
"Mouhamed Gueye","Atlanta Hawks",,
"Georges Niang","Atlanta Hawks",,
"Zaccharie Risacher","Atlanta Hawks",,
"Dominick Barlow","Atlanta Hawks",,
"Onyeka Okongwu","Atlanta Hawks",,
"Jacob Toppin","Atlanta Hawks",,
"Larry Nance Jr.","Atlanta Hawks","Knee","2025-4-19"
"Jalen Johnson","Atlanta Hawks","Shoulder","2025-4-19"
"Trae Young","Atlanta Hawks",,
"Terance Mann","Atlanta Hawks",,
"Dyson Daniels","Atlanta Hawks",,
"Caris LeVert","Atlanta Hawks",,
"Vit Krejci","Atlanta Hawks",,
"Keaton Wallace","Atlanta Hawks",,
"Kobe Bufkin","Atlanta Hawks","Shoulder","2025-4-19"
"Zaccharie Risacher","Atlanta Hawks",,
"Vit Krejci","Atlanta Hawks",,
"Terance Mann","Atlanta Hawks",,
"Caris LeVert","Atlanta Hawks",,
"Georges Niang","Atlanta Hawks",,
"Garrison Mathews","Atlanta Hawks",,
"Dyson Daniels","Atlanta Hawks",,
"Daeqwon Plowden","Atlanta Hawks",,
"Jacob Toppin","Atlanta Hawks",,
"Jalen Johnson","Atlanta Hawks","Shoulder","2025-4-19"
"Dyson Daniels","Atlanta Hawks",,
"Caris LeVert","Atlanta Hawks",,
"Vit Krejci","Atlanta Hawks",,
"Garrison Mathews","Atlanta Hawks",,
"Terance Mann","Atlanta Hawks",,
"Zaccharie Risacher","Atlanta Hawks",,
"Daeqwon Plowden","Atlanta Hawks",,
"Keaton Wallace","Atlanta Hawks",,
"Kobe Bufkin","Atlanta Hawks","Shoulder","2025-4-19"
"Kristaps Porzingis","Boston Celtics",,
"Luke Kornet","Boston Celtics",,
"Neemias Queta","Boston Celtics",,
"Al Horford","Boston Celtics",,
"Xavier Tillman","Boston Celtics",,
"Torrey Craig","Boston Celtics",,
"Jayson Tatum","Boston Celtics","Wrist","2025-4-22"
"Al Horford","Boston Celtics",,
"Sam Hauser","Boston Celtics",,
"Xavier Tillman","Boston Celtics",,
"Torrey Craig","Boston Celtics",,
"Jordan Walsh","Boston Celtics",,
"Kristaps Porzingis","Boston Celtics",,
"Drew Peterson","Boston Celtics",,
"Miles Norris","Boston Celtics",,
"Derrick White","Boston Celtics",,
"Jrue Holiday","Boston Celtics",,
"Payton Pritchard","Boston Celtics",,
"JD Davison","Boston Celtics",,
"Jaylen Brown","Boston Celtics",,
"Sam Hauser","Boston Celtics",,
"Jayson Tatum","Boston Celtics","Wrist","2025-4-22"
"Baylor Scheierman","Boston Celtics",,
"Jordan Walsh","Boston Celtics",,
"Torrey Craig","Boston Celtics",,
"Drew Peterson","Boston Celtics",,
"Miles Norris","Boston Celtics",,
"Jrue Holiday","Boston Celtics",,
"Payton Pritchard","Boston Celtics",,
"Jaylen Brown","Boston Celtics",,
"Baylor Scheierman","Boston Celtics",,
"Derrick White","Boston Celtics",,
"Jordan Walsh","Boston Celtics",,
"JD Davison","Boston Celtics",,
"Jarrett Allen","Cleveland Cavaliers",,
"Evan Mobley","Cleveland Cavaliers","Back","2025-4-14"
"Tristan Thompson","Cleveland Cavaliers",,
"Chuma Okeke","Cleveland Cavaliers",,
"Dean Wade","Cleveland Cavaliers",,
"Nae'Qwan Tomlin","Cleveland Cavaliers",,
"Evan Mobley","Cleveland Cavaliers","Back","2025-4-14"
"Dean Wade","Cleveland Cavaliers",,
"De'Andre Hunter","Cleveland Cavaliers",,
"Javonte Green","Cleveland Cavaliers",,
"Chuma Okeke","Cleveland Cavaliers",,
"Isaac Okoro","Cleveland Cavaliers",,
"Max Strus","Cleveland Cavaliers","Knee","2025-4-14"
"Nae'Qwan Tomlin","Cleveland Cavaliers",,
"Darius Garland","Cleveland Cavaliers","Toe","2025-4-14"
"Ty Jerome","Cleveland Cavaliers","Knee","2025-4-14"
"Donovan Mitchell","Cleveland Cavaliers","Ankle","2025-4-14"
"Craig Porter Jr.","Cleveland Cavaliers",,
"Emoni Bates","Cleveland Cavaliers",,
"Max Strus","Cleveland Cavaliers","Knee","2025-4-14"
"De'Andre Hunter","Cleveland Cavaliers",,
"Isaac Okoro","Cleveland Cavaliers",,
"Javonte Green","Cleveland Cavaliers",,
"Dean Wade","Cleveland Cavaliers",,
"Jaylon Tyson","Cleveland Cavaliers",,
"Chuma Okeke","Cleveland Cavaliers",,
"Luke Travers","Cleveland Cavaliers",,
"Emoni Bates","Cleveland Cavaliers",,
"Donovan Mitchell","Cleveland Cavaliers","Ankle","2025-4-14"
"Sam Merrill","Cleveland Cavaliers",,
"Max Strus","Cleveland Cavaliers","Knee","2025-4-14"
"Isaac Okoro","Cleveland Cavaliers",,
"Jaylon Tyson","Cleveland Cavaliers",,
"Ty Jerome","Cleveland Cavaliers","Knee","2025-4-14"
"Javonte Green","Cleveland Cavaliers",,
"Craig Porter Jr.","Cleveland Cavaliers",,
"Luke Travers","Cleveland Cavaliers",,
"Emoni Bates","Cleveland Cavaliers",,
"Karl-Anthony Towns","New York Knicks",,
"Mitchell Robinson","New York Knicks",,
"Precious Achiuwa","New York Knicks",,
"Ariel Hukporti","New York Knicks","Knee","2025-4-18"
"P.J. Tucker","New York Knicks",,
"OG Anunoby","New York Knicks",,
"Josh Hart","New York Knicks",,
"Precious Achiuwa","New York Knicks",,
"Mikal Bridges","New York Knicks",,
"P.J. Tucker","New York Knicks",,
"Marjon Beauchamp","New York Knicks",,
"Anton Watson","New York Knicks",,
"Jalen Brunson","New York Knicks",,
"Miles McBride","New York Knicks",,
"Cameron Payne","New York Knicks",,
"Delon Wright","New York Knicks",,
"Tyler Kolek","New York Knicks",,
"Josh Hart","New York Knicks",,
"Landry Shamet","New York Knicks",,
"Mikal Bridges","New York Knicks",,
"OG Anunoby","New York Knicks",,
"Pacome Dadiet","New York Knicks",,
"Marjon Beauchamp","New York Knicks",,
"Kevin McCullar Jr.","New York Knicks",,
"Anton Watson","New York Knicks",,
"Mikal Bridges","New York Knicks",,
"Cameron Payne","New York Knicks",,
"Landry Shamet","New York Knicks",,
"Miles McBride","New York Knicks",,
"Pacome Dadiet","New York Knicks",,
"Delon Wright","New York Knicks",,
"Josh Hart","New York Knicks",,
"Marjon Beauchamp","New York Knicks",,
"Yves Missi","New Orleans Pelicans","Ankle","2025-4-22"
"Karlo Matkovic","New Orleans Pelicans","Hamstring","2025-4-22"
"Kelly Olynyk","New Orleans Pelicans","Achilles","2025-4-22"
"Jeremiah Robinson-Earl","New Orleans Pelicans",,
"Zion Williamson","New Orleans Pelicans","Back","2025-4-18"
"Herbert Jones","New Orleans Pelicans","Shoulder","2025-4-18"
"Kelly Olynyk","New Orleans Pelicans","Achilles","2025-4-22"
"Jeremiah Robinson-Earl","New Orleans Pelicans",,
"Karlo Matkovic","New Orleans Pelicans","Hamstring","2025-4-22"
"Keion Brooks Jr.","New Orleans Pelicans",,
"Brandon Boston Jr.","New Orleans Pelicans","Ankle","2025-4-22"
"Trey Murphy III","New Orleans Pelicans","Shoulder","2025-4-18"
"Zion Williamson","New Orleans Pelicans","Back","2025-4-18"
"Herbert Jones","New Orleans Pelicans","Shoulder","2025-4-18"
"Jose Alvarado","New Orleans Pelicans",,
"Elfrid Payton","New Orleans Pelicans",,
"Jordan Hawkins","New Orleans Pelicans","Back","2025-4-22"
"Antonio Reeves","New Orleans Pelicans",,
"Bruce Brown Jr.","New Orleans Pelicans","Knee","2025-4-22"
"Lester Quinones","New Orleans Pelicans",,
"Brandon Boston Jr.","New Orleans Pelicans","Ankle","2025-4-22"
"C.J. McCollum","New Orleans Pelicans","Foot","2025-4-18"
"Dejounte Murray","New Orleans Pelicans","Achilles","2025-4-18"
"Bruce Brown Jr.","New Orleans Pelicans","Knee","2025-4-22"
"Keion Brooks Jr.","New Orleans Pelicans",,
"Jamal Cain","New Orleans Pelicans",,
"Antonio Reeves","New Orleans Pelicans",,
"Lester Quinones","New Orleans Pelicans",,
"Jordan Hawkins","New Orleans Pelicans","Back","2025-4-22"
"Brandon Boston Jr.","New Orleans Pelicans","Ankle","2025-4-22"
"Zion Williamson","New Orleans Pelicans","Back","2025-4-18"
"Trey Murphy III","New Orleans Pelicans","Shoulder","2025-4-18"
"Herbert Jones","New Orleans Pelicans","Shoulder","2025-4-18"
"Jordan Hawkins","New Orleans Pelicans","Back","2025-4-22"
"Antonio Reeves","New Orleans Pelicans",,
"Lester Quinones","New Orleans Pelicans",,
"Bruce Brown Jr.","New Orleans Pelicans","Knee","2025-4-22"
"Jamal Cain","New Orleans Pelicans",,
"Jose Alvarado","New Orleans Pelicans",,
"Brandon Boston Jr.","New Orleans Pelicans","Ankle","2025-4-22"
"C.J. McCollum","New Orleans Pelicans","Foot","2025-4-18"
"Trey Murphy III","New Orleans Pelicans","Shoulder","2025-4-18"
"Herbert Jones","New Orleans Pelicans","Shoulder","2025-4-18"
"Dejounte Murray","New Orleans Pelicans","Achilles","2025-4-18"
"Donovan Clingan","Portland Trail Blazers",,
"Duop Reath","Portland Trail Blazers",,
"Jabari Walker","Portland Trail Blazers",,
"Jerami Grant","Portland Trail Blazers","Knee","2025-4-22"
"Deandre Ayton","Portland Trail Blazers","Calf","2025-4-22"
"Robert Williams","Portland Trail Blazers","Knee","2025-4-18"
"Deni Avdija","Portland Trail Blazers","Thumb","2025-4-22"
"Kris Murray","Portland Trail Blazers",,
"Jabari Walker","Portland Trail Blazers",,
"Toumani Camara","Portland Trail Blazers",,
"Matisse Thybulle","Portland Trail Blazers",,
"Duop Reath","Portland Trail Blazers",,
"Justin Minaya","Portland Trail Blazers",,
"Jerami Grant","Portland Trail Blazers","Knee","2025-4-22"
"Robert Williams","Portland Trail Blazers","Knee","2025-4-18"
"Anfernee Simons","Portland Trail Blazers","Forearm","2025-4-22"
"Scoot Henderson","Portland Trail Blazers","Concussion","2025-4-22"
"Dalano Banton","Portland Trail Blazers",,
"Shaedon Sharpe","Portland Trail Blazers","Knee","2025-4-22"
"Rayan Rupert","Portland Trail Blazers",,
"Toumani Camara","Portland Trail Blazers",,
"Matisse Thybulle","Portland Trail Blazers",,
"Kris Murray","Portland Trail Blazers",,
"Deni Avdija","Portland Trail Blazers","Thumb","2025-4-22"
"Shaedon Sharpe","Portland Trail Blazers","Knee","2025-4-22"
"Dalano Banton","Portland Trail Blazers",,
"Rayan Rupert","Portland Trail Blazers",,
"Justin Minaya","Portland Trail Blazers",,
"Jerami Grant","Portland Trail Blazers","Knee","2025-4-22"
"Bryce McGowens","Portland Trail Blazers","Ribs","2025-4-18"
"Shaedon Sharpe","Portland Trail Blazers","Knee","2025-4-22"
"Anfernee Simons","Portland Trail Blazers","Forearm","2025-4-22"
"Toumani Camara","Portland Trail Blazers",,
"Dalano Banton","Portland Trail Blazers",,
"Rayan Rupert","Portland Trail Blazers",,
"Kris Murray","Portland Trail Blazers",,
"Matisse Thybulle","Portland Trail Blazers",,
"Justin Minaya","Portland Trail Blazers",,
"Bryce McGowens","Portland Trail Blazers","Ribs","2025-4-18"
"Zach Edey","Memphis Grizzlies",,
"Jaren Jackson Jr.","Memphis Grizzlies",,
"Marvin Bagley III","Memphis Grizzlies",,
"Santi Aldama","Memphis Grizzlies",,
"Jay Huff","Memphis Grizzlies",,
"Lamar Stevens","Memphis Grizzlies",,
"Brandon Clarke","Memphis Grizzlies","Knee","2025-3-22"
"Jaren Jackson Jr.","Memphis Grizzlies",,
"Santi Aldama","Memphis Grizzlies",,
"Lamar Stevens","Memphis Grizzlies",,
"GG Jackson II","Memphis Grizzlies",,
"Vince Williams Jr.","Memphis Grizzlies",,
"John Konchar","Memphis Grizzlies",,
"Brandon Clarke","Memphis Grizzlies","Knee","2025-3-22"
"Ja Morant","Memphis Grizzlies",,
"Scotty Pippen Jr.","Memphis Grizzlies",,
"Luke Kennard","Memphis Grizzlies",,
"Desmond Bane","Memphis Grizzlies",,
"Yuki Kawamura","Memphis Grizzlies",,
"Zyon Pullin","Memphis Grizzlies","Knee","2025-4-21"
"Cam Spencer","Memphis Grizzlies",,
"Desmond Bane","Memphis Grizzlies",,
"Vince Williams Jr.","Memphis Grizzlies",,
"John Konchar","Memphis Grizzlies",,
"Luke Kennard","Memphis Grizzlies",,
"GG Jackson II","Memphis Grizzlies",,
"Lamar Stevens","Memphis Grizzlies",,
"Santi Aldama","Memphis Grizzlies",,
"Jaylen Wells","Memphis Grizzlies","Wrist","2025-4-11"
"Scotty Pippen Jr.","Memphis Grizzlies",,
"Desmond Bane","Memphis Grizzlies",,
"Luke Kennard","Memphis Grizzlies",,
"Vince Williams Jr.","Memphis Grizzlies",,
"John Konchar","Memphis Grizzlies",,
"Jaylen Wells","Memphis Grizzlies","Wrist","2025-4-11"
"Cam Spencer","Memphis Grizzlies",,
"Zyon Pullin","Memphis Grizzlies","Knee","2025-4-21"
"Jaxson Hayes","Los Angeles Lakers",,
"Dorian Finney-Smith","Los Angeles Lakers",,
"Alex Len","Los Angeles Lakers",,
"Jarred Vanderbilt","Los Angeles Lakers",,
"Markieff Morris","Los Angeles Lakers",,
"LeBron James","Los Angeles Lakers",,
"Maxi Kleber","Los Angeles Lakers","Foot","2025-4-21"
"Trey Jemison","Los Angeles Lakers",,
"Christian Koloko","Los Angeles Lakers",,
"LeBron James","Los Angeles Lakers",,
"Jarred Vanderbilt","Los Angeles Lakers",,
"Dorian Finney-Smith","Los Angeles Lakers",,
"Rui Hachimura","Los Angeles Lakers",,
"Markieff Morris","Los Angeles Lakers",,
"Jaxson Hayes","Los Angeles Lakers",,
"Maxi Kleber","Los Angeles Lakers","Foot","2025-4-21"
"Luka Doncic","Los Angeles Lakers",,
"Gabe Vincent","Los Angeles Lakers",,
"Austin Reaves","Los Angeles Lakers",,
"Shake Milton","Los Angeles Lakers",,
"Jordan Goodwin","Los Angeles Lakers",,
"Bronny James","Los Angeles Lakers",,
"Rui Hachimura","Los Angeles Lakers",,
"LeBron James","Los Angeles Lakers",,
"Jordan Goodwin","Los Angeles Lakers",,
"Dalton Knecht","Los Angeles Lakers",,
"Dorian Finney-Smith","Los Angeles Lakers",,
"Austin Reaves","Los Angeles Lakers",,
"Austin Reaves","Los Angeles Lakers",,
"Jordan Goodwin","Los Angeles Lakers",,
"Dalton Knecht","Los Angeles Lakers",,
"Gabe Vincent","Los Angeles Lakers",,
"Rui Hachimura","Los Angeles Lakers",,
"Shake Milton","Los Angeles Lakers",,
"Bronny James","Los Angeles Lakers",,
"Isaiah Hartenstein","Oklahoma City Thunder",,
"Jaylin Williams","Oklahoma City Thunder",,
"Chet Holmgren","Oklahoma City Thunder",,
"Kenrich Williams","Oklahoma City Thunder",,
"Ousmane Dieng","Oklahoma City Thunder","Calf","2025-4-21"
"Jalen Williams","Oklahoma City Thunder",,
"Dillon Jones","Oklahoma City Thunder",,
"Branden Carlson","Oklahoma City Thunder",,
"Chet Holmgren","Oklahoma City Thunder",,
"Aaron Wiggins","Oklahoma City Thunder",,
"Kenrich Williams","Oklahoma City Thunder",,
"Jalen Williams","Oklahoma City Thunder",,
"Dillon Jones","Oklahoma City Thunder",,
"Ousmane Dieng","Oklahoma City Thunder","Calf","2025-4-21"
"Luguentz Dort","Oklahoma City Thunder",,
"Alex Caruso","Oklahoma City Thunder",,
"Shai Gilgeous-Alexander","Oklahoma City Thunder",,
"Alex Caruso","Oklahoma City Thunder",,
"Ajay Mitchell","Oklahoma City Thunder",,
"Cason Wallace","Oklahoma City Thunder",,
"Nikola Topic","Oklahoma City Thunder","Knee","2025-11-7"
"Adam Flagler","Oklahoma City Thunder",,
"Jalen Williams","Oklahoma City Thunder",,
"Isaiah Joe","Oklahoma City Thunder",,
"Aaron Wiggins","Oklahoma City Thunder",,
"Luguentz Dort","Oklahoma City Thunder",,
"Alex Caruso","Oklahoma City Thunder",,
"Cason Wallace","Oklahoma City Thunder",,
"Kenrich Williams","Oklahoma City Thunder",,
"Dillon Jones","Oklahoma City Thunder",,
"Alex Ducas","Oklahoma City Thunder",,
"Ousmane Dieng","Oklahoma City Thunder","Calf","2025-4-21"
"Luguentz Dort","Oklahoma City Thunder",,
"Cason Wallace","Oklahoma City Thunder",,
"Isaiah Joe","Oklahoma City Thunder",,
"Alex Caruso","Oklahoma City Thunder",,
"Aaron Wiggins","Oklahoma City Thunder",,
"Ajay Mitchell","Oklahoma City Thunder",,
"Jalen Williams","Oklahoma City Thunder",,
"Shai Gilgeous-Alexander","Oklahoma City Thunder",,
"Nikola Topic","Oklahoma City Thunder","Knee","2025-11-7"
"Adam Flagler","Oklahoma City Thunder",,
"Alex Ducas","Oklahoma City Thunder",,
"Dereck Lively II","Dallas Mavericks",,
"Daniel Gafford","Dallas Mavericks",,
"Dwight Powell","Dallas Mavericks",,
"Anthony Davis","Dallas Mavericks",,
"PJ Washington","Dallas Mavericks",,
"Kai Jones","Dallas Mavericks",,
"Kessler Edwards","Dallas Mavericks",,
"Olivier-Maxence Prosper","Dallas Mavericks","Wrist","2025-4-19"
"Anthony Davis","Dallas Mavericks",,
"Caleb Martin","Dallas Mavericks",,
"PJ Washington","Dallas Mavericks",,
"Naji Marshall","Dallas Mavericks",,
"Klay Thompson","Dallas Mavericks",,
"Kessler Edwards","Dallas Mavericks",,
"Olivier-Maxence Prosper","Dallas Mavericks","Wrist","2025-4-19"
"Klay Thompson","Dallas Mavericks",,
"Brandon Williams","Dallas Mavericks",,
"Spencer Dinwiddie","Dallas Mavericks",,
"Jaden Hardy","Dallas Mavericks",,
"Dante Exum","Dallas Mavericks",,
"Kyrie Irving","Dallas Mavericks","Knee","2025-4-19"
"PJ Washington","Dallas Mavericks",,
"Dante Exum","Dallas Mavericks",,
"Naji Marshall","Dallas Mavericks",,
"Max Christie","Dallas Mavericks",,
"Klay Thompson","Dallas Mavericks",,
"Caleb Martin","Dallas Mavericks",,
"Jaden Hardy","Dallas Mavericks",,
"Kessler Edwards","Dallas Mavericks",,
"Olivier-Maxence Prosper","Dallas Mavericks","Wrist","2025-4-19"
"Naji Marshall","Dallas Mavericks",,
"Max Christie","Dallas Mavericks",,
"Dante Exum","Dallas Mavericks",,
"Klay Thompson","Dallas Mavericks",,
"Jaden Hardy","Dallas Mavericks",,
"Brandon Williams","Dallas Mavericks",,
"Spencer Dinwiddie","Dallas Mavericks",,
"Kessler Edwards","Dallas Mavericks",,
"Kyrie Irving","Dallas Mavericks","Knee","2025-4-19"
"Alperen Sengun","Houston Rockets",,
"Steven Adams","Houston Rockets",,
"Jock Landale","Houston Rockets","Knee","2025-4-21"
"Jabari Smith","Houston Rockets",,
"Jeff Green","Houston Rockets",,
"N'Faly Dante","Houston Rockets",,
"Dillon Brooks","Houston Rockets",,
"Jabari Smith","Houston Rockets",,
"Tari Eason","Houston Rockets",,
"Jeff Green","Houston Rockets",,
"Jae'Sean Tate","Houston Rockets","Ankle","2025-4-21"
"Alperen Sengun","Houston Rockets",,
"Cam Whitmore","Houston Rockets",,
"David Roddy","Houston Rockets",,
"Fred VanVleet","Houston Rockets",,
"Amen Thompson","Houston Rockets",,
"Aaron Holiday","Houston Rockets",,
"Reed Sheppard","Houston Rockets",,
"Jalen Green","Houston Rockets",,
"Jeenathan Williams","Houston Rockets",,
"Amen Thompson","Houston Rockets",,
"Tari Eason","Houston Rockets",,
"Dillon Brooks","Houston Rockets",,
"Cam Whitmore","Houston Rockets",,
"Jae'Sean Tate","Houston Rockets","Ankle","2025-4-21"
"Jeenathan Williams","Houston Rockets",,
"Jalen Green","Houston Rockets",,
"Jack McVeigh","Houston Rockets",,
"David Roddy","Houston Rockets",,
"Jalen Green","Houston Rockets",,
"Dillon Brooks","Houston Rockets",,
"Reed Sheppard","Houston Rockets",,
"Aaron Holiday","Houston Rockets",,
"Cam Whitmore","Houston Rockets",,
"Amen Thompson","Houston Rockets",,
"Jeenathan Williams","Houston Rockets",,
"Jack McVeigh","Houston Rockets",,
"Nikola Jokic","Denver Nuggets",,
"Aaron Gordon","Denver Nuggets",,
"DeAndre Jordan","Denver Nuggets",,
"Zeke Nnaji","Denver Nuggets",,
"Peyton Watson","Denver Nuggets",,
"Dario Saric","Denver Nuggets",,
"Vlatko Cancar","Denver Nuggets",,
"DaRon Holmes II","Denver Nuggets","Achilles","2025-2-23"
"PJ Hall","Denver Nuggets",,
"Aaron Gordon","Denver Nuggets",,
"Peyton Watson","Denver Nuggets",,
"Vlatko Cancar","Denver Nuggets",,
"Zeke Nnaji","Denver Nuggets",,
"Michael Porter Jr.","Denver Nuggets",,
"Hunter Tyson","Denver Nuggets",,
"Dario Saric","Denver Nuggets",,
"Julian Strawther","Denver Nuggets",,
"PJ Hall","Denver Nuggets",,
"Jamal Murray","Denver Nuggets",,
"Russell Westbrook","Denver Nuggets",,
"Jalen Pickett","Denver Nuggets",,
"Christian Braun","Denver Nuggets",,
"Trey Alexander","Denver Nuggets",,
"Michael Porter Jr.","Denver Nuggets",,
"Christian Braun","Denver Nuggets",,
"Peyton Watson","Denver Nuggets",,
"Julian Strawther","Denver Nuggets",,
"Hunter Tyson","Denver Nuggets",,
"Spencer Jones","Denver Nuggets",,
"Christian Braun","Denver Nuggets",,
"Jalen Pickett","Denver Nuggets",,
"Julian Strawther","Denver Nuggets",,
"Jamal Murray","Denver Nuggets",,
"Trey Alexander","Denver Nuggets",,
"Spencer Jones","Denver Nuggets",,
"Adem Bona","Philadelphia 76ers",,
"Guerschon Yabusele","Philadelphia 76ers","Knee","2025-4-22"
"Isaiah Mobley","Philadelphia 76ers",,
"Alex Reese","Philadelphia 76ers",,
"Andre Drummond","Philadelphia 76ers","Toe","2025-4-22"
"Joel Embiid","Philadelphia 76ers","Knee","2025-4-22"
"Guerschon Yabusele","Philadelphia 76ers","Knee","2025-4-22"
"Ricky Council IV","Philadelphia 76ers",,
"Marcus Bagley","Philadelphia 76ers",,
"Justin Edwards","Philadelphia 76ers","Ribs","2025-4-22"
"Alex Reese","Philadelphia 76ers",,
"Isaiah Mobley","Philadelphia 76ers",,
"Kelly Oubre Jr.","Philadelphia 76ers","Knee","2025-4-22"
"Paul George","Philadelphia 76ers","Groin","2025-4-18"
"Jared Butler","Philadelphia 76ers",,
"Kyle Lowry","Philadelphia 76ers","Hip","2025-4-22"
"Jeff Dowtin","Philadelphia 76ers",,
"Quentin Grimes","Philadelphia 76ers",,
"Jalen Hood-Schifino","Philadelphia 76ers",,
"Tyrese Maxey","Philadelphia 76ers","Finger","2025-4-18"
"Jared McCain","Philadelphia 76ers","Knee","2025-4-18"
"Kelly Oubre Jr.","Philadelphia 76ers","Knee","2025-4-22"
"Justin Edwards","Philadelphia 76ers","Ribs","2025-4-22"
"Lonnie Walker IV","Philadelphia 76ers",,
"Ricky Council IV","Philadelphia 76ers",,
"Marcus Bagley","Philadelphia 76ers",,
"Quentin Grimes","Philadelphia 76ers",,
"Paul George","Philadelphia 76ers","Groin","2025-4-18"
"Eric Gordon","Philadelphia 76ers","Wrist","2025-4-18"
"Quentin Grimes","Philadelphia 76ers",,
"Lonnie Walker IV","Philadelphia 76ers",,
"Kelly Oubre Jr.","Philadelphia 76ers","Knee","2025-4-22"
"Kyle Lowry","Philadelphia 76ers","Hip","2025-4-22"
"Jared Butler","Philadelphia 76ers",,
"Jeff Dowtin","Philadelphia 76ers",,
"Ricky Council IV","Philadelphia 76ers",,
"Jalen Hood-Schifino","Philadelphia 76ers",,
"Jared McCain","Philadelphia 76ers","Knee","2025-4-18"
"Paul George","Philadelphia 76ers","Groin","2025-4-18"
"Eric Gordon","Philadelphia 76ers","Wrist","2025-4-18"
"Nicolas Claxton","Brooklyn Nets",,
"Day'Ron Sharpe","Brooklyn Nets","Knee","2025-4-22"
"Drew Timme","Brooklyn Nets",,
"Trendon Watford","Brooklyn Nets",,
"Noah Clowney","Brooklyn Nets","Ankle","2025-4-17"
"Cameron Johnson","Brooklyn Nets","Back","2025-4-22"
"Trendon Watford","Brooklyn Nets",,
"Tosan Evbuomwan","Brooklyn Nets",,
"Jalen Wilson","Brooklyn Nets",,
"Drew Timme","Brooklyn Nets",,
"Maxwell Lewis","Brooklyn Nets",,
"Ziaire Williams","Brooklyn Nets","Knee","2025-4-22"
"Dariq Whitehead","Brooklyn Nets",,
"Noah Clowney","Brooklyn Nets","Ankle","2025-4-17"
"D'Angelo Russell","Brooklyn Nets","Ankle","2025-4-22"
"Keon Johnson","Brooklyn Nets",,
"Reece Beekman","Brooklyn Nets","Calf","2025-4-22"
"Tyson Etienne","Brooklyn Nets",,
"Cameron Thomas","Brooklyn Nets","Hamstring","2025-4-17"
"De'Anthony Melton","Brooklyn Nets","Knee","2025-4-17"
"Ziaire Williams","Brooklyn Nets","Knee","2025-4-22"
"Maxwell Lewis","Brooklyn Nets",,
"Tosan Evbuomwan","Brooklyn Nets",,
"Jalen Wilson","Brooklyn Nets",,
"Cameron Johnson","Brooklyn Nets","Back","2025-4-22"
"Dariq Whitehead","Brooklyn Nets",,
"Tyrese Martin","Brooklyn Nets",,
"Noah Clowney","Brooklyn Nets","Ankle","2025-4-17"
"Cameron Thomas","Brooklyn Nets","Hamstring","2025-4-17"
"De'Anthony Melton","Brooklyn Nets","Knee","2025-4-17"
"Keon Johnson","Brooklyn Nets",,
"Dariq Whitehead","Brooklyn Nets",,
"Tyrese Martin","Brooklyn Nets",,
"Jalen Wilson","Brooklyn Nets",,
"Ziaire Williams","Brooklyn Nets","Knee","2025-4-22"
"D'Angelo Russell","Brooklyn Nets","Ankle","2025-4-22"
"Tyson Etienne","Brooklyn Nets",,
"Tosan Evbuomwan","Brooklyn Nets",,
"Cameron Thomas","Brooklyn Nets","Hamstring","2025-4-17"
"De'Anthony Melton","Brooklyn Nets","Knee","2025-4-17"
"Domantas Sabonis","Sacramento Kings",,
"Jonas Valanciunas","Sacramento Kings",,
"Trey Lyles","Sacramento Kings",,
"Isaac Jones","Sacramento Kings",,
"Jae Crowder","Sacramento Kings",,
"Keegan Murray","Sacramento Kings",,
"Trey Lyles","Sacramento Kings",,
"Jake LaRavia","Sacramento Kings","Thumb","2025-4-20"
"Isaac Jones","Sacramento Kings",,
"Doug McDermott","Sacramento Kings",,
"DeMar DeRozan","Sacramento Kings",,
"Jae Crowder","Sacramento Kings",,
"Isaiah Crawford","Sacramento Kings",,
"Keon Ellis","Sacramento Kings",,
"Devin Carter","Sacramento Kings",,
"Markelle Fultz","Sacramento Kings",,
"Malik Monk","Sacramento Kings","Calf","2025-4-19"
"DeMar DeRozan","Sacramento Kings",,
"Jake LaRavia","Sacramento Kings","Thumb","2025-4-20"
"Doug McDermott","Sacramento Kings",,
"Zach LaVine","Sacramento Kings",,
"Keegan Murray","Sacramento Kings",,
"Terence Davis","Sacramento Kings",,
"Keon Ellis","Sacramento Kings",,
"Jae Crowder","Sacramento Kings",,
"Malik Monk","Sacramento Kings","Calf","2025-4-19"
"Mason Jones","Sacramento Kings",,
"Isaiah Crawford","Sacramento Kings",,
"Zach LaVine","Sacramento Kings",,
"Keon Ellis","Sacramento Kings",,
"Devin Carter","Sacramento Kings",,
"Terence Davis","Sacramento Kings",,
"Doug McDermott","Sacramento Kings",,
"Malik Monk","Sacramento Kings","Calf","2025-4-19"
"Mason Jones","Sacramento Kings",,
"Kel'el Ware","Miami Heat",,
"Bam Adebayo","Miami Heat",,
"Nikola Jovic","Miami Heat",,
"Kevin Love","Miami Heat","Personal","2025-4-21"
"Bam Adebayo","Miami Heat",,
"Kyle Anderson","Miami Heat",,
"Nikola Jovic","Miami Heat",,
"Haywood Highsmith","Miami Heat",,
"Andrew Wiggins","Miami Heat",,
"Jaime Jaquez Jr.","Miami Heat",,
"Kevin Love","Miami Heat","Personal","2025-4-21"
"Duncan Robinson","Miami Heat",,
"Keshad Johnson","Miami Heat",,
"Tyler Herro","Miami Heat",,
"Davion Mitchell","Miami Heat",,
"Terry Rozier","Miami Heat","Ankle","2025-4-22"
"Alec Burks","Miami Heat",,
"Duncan Robinson","Miami Heat",,
"Dru Smith","Miami Heat","Achilles","2025-12-24"
"Isaiah Stevens","Miami Heat","Foot","2025-4-21"
"Josh Christopher","Miami Heat",,
"Andrew Wiggins","Miami Heat",,
"Haywood Highsmith","Miami Heat",,
"Pelle Larsson","Miami Heat",,
"Duncan Robinson","Miami Heat",,
"Jaime Jaquez Jr.","Miami Heat",,
"Alec Burks","Miami Heat",,
"Kyle Anderson","Miami Heat",,
"Keshad Johnson","Miami Heat",,
"Josh Christopher","Miami Heat",,
"Alec Burks","Miami Heat",,
"Duncan Robinson","Miami Heat",,
"Jaime Jaquez Jr.","Miami Heat",,
"Pelle Larsson","Miami Heat",,
"Terry Rozier","Miami Heat","Ankle","2025-4-22"
"Davion Mitchell","Miami Heat",,
"Tyler Herro","Miami Heat",,
"Dru Smith","Miami Heat","Achilles","2025-12-24"
"Josh Christopher","Miami Heat",,
"Draymond Green","Golden State Warriors",,
"Quinten Post","Golden State Warriors",,
"Kevon Looney","Golden State Warriors",,
"Trayce Jackson-Davis","Golden State Warriors",,
"Jimmy Butler","Golden State Warriors",,
"Draymond Green","Golden State Warriors",,
"Jonathan Kuminga","Golden State Warriors",,
"Gui Santos","Golden State Warriors",,
"Moses Moody","Golden State Warriors","Back","2025-4-15"
"Kevin Knox","Golden State Warriors",,
"Braxton Key","Golden State Warriors",,
"Jackson Rowe","Golden State Warriors",,
"Stephen Curry","Golden State Warriors",,
"Brandin Podziemski","Golden State Warriors",,
"Pat Spencer","Golden State Warriors",,
"Moses Moody","Golden State Warriors","Back","2025-4-15"
"Taran Armstrong","Golden State Warriors",,
"Moses Moody","Golden State Warriors","Back","2025-4-15"
"Gary Payton II","Golden State Warriors",,
"Gui Santos","Golden State Warriors",,
"Jimmy Butler","Golden State Warriors",,
"Buddy Hield","Golden State Warriors",,
"Kevin Knox","Golden State Warriors",,
"Jonathan Kuminga","Golden State Warriors",,
"Braxton Key","Golden State Warriors",,
"Jackson Rowe","Golden State Warriors",,
"Brandin Podziemski","Golden State Warriors",,
"Buddy Hield","Golden State Warriors",,
"Gary Payton II","Golden State Warriors",,
"Moses Moody","Golden State Warriors","Back","2025-4-15"
"Pat Spencer","Golden State Warriors",,
"Gui Santos","Golden State Warriors",,
"Taran Armstrong","Golden State Warriors",,
"Nikola Vucevic","Chicago Bulls",,
"Zach Collins","Chicago Bulls",,
"Jalen Smith","Chicago Bulls",,
"E.J. Liddell","Chicago Bulls",,
"Matas Buzelis","Chicago Bulls",,
"Patrick Williams","Chicago Bulls",,
"Julian Phillips","Chicago Bulls",,
"Dalen Terry","Chicago Bulls",,
"Zach Collins","Chicago Bulls",,
"Talen Horton-Tucker","Chicago Bulls",,
"Jalen Smith","Chicago Bulls",,
"Emanuel Miller","Chicago Bulls",,
"E.J. Liddell","Chicago Bulls",,
"Ayo Dosunmu","Chicago Bulls","Shoulder","2025-4-17"
"Josh Giddey","Chicago Bulls",,
"Tre Jones","Chicago Bulls","Foot","2025-4-20"
"Coby White","Chicago Bulls",,
"Jevon Carter","Chicago Bulls",,
"Talen Horton-Tucker","Chicago Bulls",,
"Lonzo Ball","Chicago Bulls","Wrist","2025-4-20"
"Jahmir Young","Chicago Bulls",,
"Ayo Dosunmu","Chicago Bulls","Shoulder","2025-4-17"
"Coby White","Chicago Bulls",,
"Dalen Terry","Chicago Bulls",,
"Julian Phillips","Chicago Bulls",,
"Kevin Huerter","Chicago Bulls",,
"Josh Giddey","Chicago Bulls",,
"Patrick Williams","Chicago Bulls",,
"Talen Horton-Tucker","Chicago Bulls",,
"Matas Buzelis","Chicago Bulls",,
"Emanuel Miller","Chicago Bulls",,
"Ayo Dosunmu","Chicago Bulls","Shoulder","2025-4-17"
"Lonzo Ball","Chicago Bulls","Wrist","2025-4-20"
"Kevin Huerter","Chicago Bulls",,
"Coby White","Chicago Bulls",,
"Dalen Terry","Chicago Bulls",,
"Talen Horton-Tucker","Chicago Bulls",,
"Jevon Carter","Chicago Bulls",,
"Ayo Dosunmu","Chicago Bulls","Shoulder","2025-4-17"
"Ivica Zubac","Los Angeles Clippers",,
"Ben Simmons","Los Angeles Clippers",,
"Nicolas Batum","Los Angeles Clippers",,
"Drew Eubanks","Los Angeles Clippers",,
"Kobe Brown","Los Angeles Clippers",,
"Kawhi Leonard","Los Angeles Clippers",,
"Kawhi Leonard","Los Angeles Clippers",,
"Nicolas Batum","Los Angeles Clippers",,
"Derrick Jones Jr.","Los Angeles Clippers",,
"Amir Coffey","Los Angeles Clippers",,
"Kobe Brown","Los Angeles Clippers",,
"Ben Simmons","Los Angeles Clippers",,
"Patrick Baldwin Jr.","Los Angeles Clippers",,
"James Harden","Los Angeles Clippers",,
"Kris Dunn","Los Angeles Clippers",,
"Ben Simmons","Los Angeles Clippers",,
"Patty Mills","Los Angeles Clippers",,
"Norman Powell","Los Angeles Clippers",,
"Norman Powell","Los Angeles Clippers",,
"Derrick Jones Jr.","Los Angeles Clippers",,
"Amir Coffey","Los Angeles Clippers",,
"Bogdan Bogdanovic","Los Angeles Clippers",,
"Kawhi Leonard","Los Angeles Clippers",,
"Jordan Miller","Los Angeles Clippers",,
"Kris Dunn","Los Angeles Clippers",,
"Nicolas Batum","Los Angeles Clippers",,
"Kobe Brown","Los Angeles Clippers",,
"Cam Christie","Los Angeles Clippers",,
"Trentyn Flowers","Los Angeles Clippers",,
"Patrick Baldwin Jr.","Los Angeles Clippers",,
"Seth Lundy","Los Angeles Clippers","Ankle","2025-4-18"
"Kris Dunn","Los Angeles Clippers",,
"Bogdan Bogdanovic","Los Angeles Clippers",,
"Norman Powell","Los Angeles Clippers",,
"Amir Coffey","Los Angeles Clippers",,
"Jordan Miller","Los Angeles Clippers",,
"James Harden","Los Angeles Clippers",,
"Cam Christie","Los Angeles Clippers",,
"Patty Mills","Los Angeles Clippers",,
"Trentyn Flowers","Los Angeles Clippers",,
"Seth Lundy","Los Angeles Clippers","Ankle","2025-4-18"
"Nick Richards","Phoenix Suns","Elbow","2025-4-22"
"Oso Ighodaro","Phoenix Suns",,
"Mason Plumlee","Phoenix Suns",,
"Bol Bol","Phoenix Suns",,
"Kevin Durant","Phoenix Suns","Ankle","2025-4-22"
"Ryan Dunn","Phoenix Suns",,
"Royce O'Neale","Phoenix Suns",,
"Cody Martin","Phoenix Suns",,
"Bol Bol","Phoenix Suns",,
"Oso Ighodaro","Phoenix Suns",,
"Jalen Bridges","Phoenix Suns",,
"Mason Plumlee","Phoenix Suns",,
"Kevin Durant","Phoenix Suns","Ankle","2025-4-22"
"Devin Booker","Phoenix Suns","Calf","2025-4-22"
"Tyus Jones","Phoenix Suns",,
"Collin Gillespie","Phoenix Suns",,
"TyTy Washington Jr.","Phoenix Suns",,
"Monte Morris","Phoenix Suns",,
"Vasilije Micic","Phoenix Suns",,
"Bradley Beal","Phoenix Suns",,
"Grayson Allen","Phoenix Suns",,
"Grayson Allen","Phoenix Suns",,
"Cody Martin","Phoenix Suns",,
"Ryan Dunn","Phoenix Suns",,
"Royce O'Neale","Phoenix Suns",,
"Bradley Beal","Phoenix Suns",,
"Damion Lee","Phoenix Suns",,
"Jalen Bridges","Phoenix Suns",,
"Kevin Durant","Phoenix Suns","Ankle","2025-4-22"
"Bradley Beal","Phoenix Suns",,
"Collin Gillespie","Phoenix Suns",,
"Grayson Allen","Phoenix Suns",,
"Devin Booker","Phoenix Suns","Calf","2025-4-22"
"Cody Martin","Phoenix Suns",,
"Damion Lee","Phoenix Suns",,
"Ryan Dunn","Phoenix Suns",,
"Vasilije Micic","Phoenix Suns",,
"Royce O'Neale","Phoenix Suns",,
"Brook Lopez","Milwaukee Bucks",,
"Jericho Sims","Milwaukee Bucks",,
"Bobby Portis","Milwaukee Bucks",,
"Giannis Antetokounmpo","Milwaukee Bucks",,
"Chris Livingston","Milwaukee Bucks",,
"Tyler Smith","Milwaukee Bucks","Ankle","2025-4-21"
"Pete Nance","Milwaukee Bucks",,
"Giannis Antetokounmpo","Milwaukee Bucks",,
"Bobby Portis","Milwaukee Bucks",,
"Kyle Kuzma","Milwaukee Bucks",,
"Taurean Prince","Milwaukee Bucks",,
"Pat Connaughton","Milwaukee Bucks",,
"Tyler Smith","Milwaukee Bucks","Ankle","2025-4-21"
"Chris Livingston","Milwaukee Bucks",,
"Pete Nance","Milwaukee Bucks",,
"Damian Lillard","Milwaukee Bucks",,
"Kevin Porter Jr.","Milwaukee Bucks",,
"Ryan Rollins","Milwaukee Bucks",,
"AJ Green","Milwaukee Bucks",,
"Andre Jackson Jr.","Milwaukee Bucks",,
"Jamaree Bouyea","Milwaukee Bucks",,
"Kyle Kuzma","Milwaukee Bucks",,
"Gary Trent Jr.","Milwaukee Bucks",,
"Andre Jackson Jr.","Milwaukee Bucks",,
"Taurean Prince","Milwaukee Bucks",,
"Pat Connaughton","Milwaukee Bucks",,
"Chris Livingston","Milwaukee Bucks",,
"Tyler Smith","Milwaukee Bucks","Ankle","2025-4-21"
"Giannis Antetokounmpo","Milwaukee Bucks",,
"Stanley Umude","Milwaukee Bucks",,
"Taurean Prince","Milwaukee Bucks",,
"AJ Green","Milwaukee Bucks",,
"Gary Trent Jr.","Milwaukee Bucks",,
"Andre Jackson Jr.","Milwaukee Bucks",,
"Kevin Porter Jr.","Milwaukee Bucks",,
"Ryan Rollins","Milwaukee Bucks",,
"Pat Connaughton","Milwaukee Bucks",,
"Stanley Umude","Milwaukee Bucks",,
"Jamaree Bouyea","Milwaukee Bucks",,
"Jalen Duren","Detroit Pistons",,
"Isaiah Stewart","Detroit Pistons","Knee","2025-4-22"
"Paul Reed","Detroit Pistons",,
"Tolu Smith III","Detroit Pistons",,
"Tobias Harris","Detroit Pistons",,
"Simone Fontecchio","Detroit Pistons",,
"Lindy Waters III","Detroit Pistons",,
"Ausar Thompson","Detroit Pistons",,
"Ron Holland II","Detroit Pistons",,
"Bobi Klintman","Detroit Pistons",,
"Isaiah Stewart","Detroit Pistons","Knee","2025-4-22"
"Tim Hardaway Jr.","Detroit Pistons",,
"Ron Harper Jr.","Detroit Pistons",,
"Cade Cunningham","Detroit Pistons",,
"Dennis Schroder","Detroit Pistons",,
"Marcus Sasser","Detroit Pistons",,
"Jaden Ivey","Detroit Pistons","Lower Leg","2025-4-14"
"Daniss Jenkins","Detroit Pistons",,
"Ausar Thompson","Detroit Pistons",,
"Ron Holland II","Detroit Pistons",,
"Tim Hardaway Jr.","Detroit Pistons",,
"Malik Beasley","Detroit Pistons",,
"Simone Fontecchio","Detroit Pistons",,
"Lindy Waters III","Detroit Pistons",,
"Tobias Harris","Detroit Pistons",,
"Bobi Klintman","Detroit Pistons",,
"Cade Cunningham","Detroit Pistons",,
"Ron Harper Jr.","Detroit Pistons",,
"Tim Hardaway Jr.","Detroit Pistons",,
"Malik Beasley","Detroit Pistons",,
"Marcus Sasser","Detroit Pistons",,
"Dennis Schroder","Detroit Pistons",,
"Lindy Waters III","Detroit Pistons",,
"Cade Cunningham","Detroit Pistons",,
"Jaden Ivey","Detroit Pistons","Lower Leg","2025-4-14"
"Daniss Jenkins","Detroit Pistons",,
"Mark Williams","Charlotte Hornets",,
"Jusuf Nurkic","Charlotte Hornets",,
"Moussa Diabate","Charlotte Hornets",,
"Taj Gibson","Charlotte Hornets",,
"Tidjane Salauen","Charlotte Hornets",,
"DaQuan Jeffries","Charlotte Hornets",,
"Grant Williams","Charlotte Hornets","Knee","2025-4-18"
"Miles Bridges","Charlotte Hornets","Hip","2025-4-22"
"Tidjane Salauen","Charlotte Hornets",,
"Wendell Moore Jr.","Charlotte Hornets",,
"DaQuan Jeffries","Charlotte Hornets",,
"Josh Green","Charlotte Hornets","Shoulder","2025-4-22"
"Moussa Diabate","Charlotte Hornets",,
"Josh Okogie","Charlotte Hornets",,
"Brandon Miller","Charlotte Hornets","Wrist","2025-4-18"
"Grant Williams","Charlotte Hornets","Knee","2025-4-18"
"KJ Simpson","Charlotte Hornets",,
"Damion Baugh","Charlotte Hornets",,
"Jaylen Sims","Charlotte Hornets",,
"Nick Smith Jr.","Charlotte Hornets","Groin","2025-4-22"
"Wendell Moore Jr.","Charlotte Hornets",,
"LaMelo Ball","Charlotte Hornets","Ankle","2025-4-18"
"Tre Mann","Charlotte Hornets","Back","2025-4-18"
"Josh Green","Charlotte Hornets","Shoulder","2025-4-22"
"DaQuan Jeffries","Charlotte Hornets",,
"Josh Okogie","Charlotte Hornets",,
"Wendell Moore Jr.","Charlotte Hornets",,
"Nick Smith Jr.","Charlotte Hornets","Groin","2025-4-22"
"Tidjane Salauen","Charlotte Hornets",,
"Miles Bridges","Charlotte Hornets","Hip","2025-4-22"
"Seth Curry","Charlotte Hornets",,
"Brandon Miller","Charlotte Hornets","Wrist","2025-4-18"
"Nick Smith Jr.","Charlotte Hornets","Groin","2025-4-22"
"Seth Curry","Charlotte Hornets",,
"Josh Green","Charlotte Hornets","Shoulder","2025-4-22"
"Josh Okogie","Charlotte Hornets",,
"Damion Baugh","Charlotte Hornets",,
"Wendell Moore Jr.","Charlotte Hornets",,
"Jaylen Sims","Charlotte Hornets",,
"DaQuan Jeffries","Charlotte Hornets",,
"Brandon Miller","Charlotte Hornets","Wrist","2025-4-18"
"Tre Mann","Charlotte Hornets","Back","2025-4-18"
"Jeremy Sochan","San Antonio Spurs","Back","2025-4-22"
"Bismack Biyombo","San Antonio Spurs",,
"Charles Bassey","San Antonio Spurs",,
"Sandro Mamukelashvili","San Antonio Spurs",,
"Victor Wembanyama","San Antonio Spurs","Shoulder","2025-4-18"
"Harrison Barnes","San Antonio Spurs",,
"Sandro Mamukelashvili","San Antonio Spurs",,
"Jeremy Sochan","San Antonio Spurs","Back","2025-4-22"
"Keldon Johnson","San Antonio Spurs",,
"Julian Champagnie","San Antonio Spurs",,
"Harrison Ingram","San Antonio Spurs",,
"Riley Minix","San Antonio Spurs","Shoulder","2025-4-18"
"Chris Paul","San Antonio Spurs",,
"Blake Wesley","San Antonio Spurs",,
"Stephon Castle","San Antonio Spurs",,
"Jordan McLaughlin","San Antonio Spurs",,
"Malaki Branham","San Antonio Spurs",,
"Jeremy Sochan","San Antonio Spurs","Back","2025-4-22"
"David Duke Jr","San Antonio Spurs",,
"Devin Vassell","San Antonio Spurs","Ankle","2025-4-22"
"De'Aaron Fox","San Antonio Spurs","Finger","2025-4-18"
"Devin Vassell","San Antonio Spurs","Ankle","2025-4-22"
"Keldon Johnson","San Antonio Spurs",,
"Julian Champagnie","San Antonio Spurs",,
"Harrison Barnes","San Antonio Spurs",,
"Malaki Branham","San Antonio Spurs",,
"Stephon Castle","San Antonio Spurs",,
"Harrison Ingram","San Antonio Spurs",,
"David Duke Jr","San Antonio Spurs",,
"Riley Minix","San Antonio Spurs","Shoulder","2025-4-18"
"Stephon Castle","San Antonio Spurs",,
"Julian Champagnie","San Antonio Spurs",,
"Devin Vassell","San Antonio Spurs","Ankle","2025-4-22"
"Malaki Branham","San Antonio Spurs",,
"Blake Wesley","San Antonio Spurs",,
"Jordan McLaughlin","San Antonio Spurs",,
"David Duke Jr","San Antonio Spurs",,
"De'Aaron Fox","San Antonio Spurs","Finger","2025-4-18"
"Alex Sarr","Washington Wizards",,
"Tristan Vukcevic","Washington Wizards",,
"Richaun Holmes","Washington Wizards","Shoulder","2025-4-22"
"Anthony Gill","Washington Wizards","Hamstring","2025-4-22"
"Kyshawn George","Washington Wizards",,
"Anthony Gill","Washington Wizards","Hamstring","2025-4-22"
"JT Thor","Washington Wizards","Knee","2025-4-22"
"Justin Champagnie","Washington Wizards",,
"Tristan Vukcevic","Washington Wizards",,
"Alex Sarr","Washington Wizards",,
"Saddiq Bey","Washington Wizards","Knee","2025-4-22"
"Khris Middleton","Washington Wizards","Knee","2025-4-22"
"Bilal Coulibaly","Washington Wizards","Hamstring","2025-4-18"
"Corey Kispert","Washington Wizards","Thumb","2025-4-18"
"Carlton Carrington","Washington Wizards",,
"Marcus Smart","Washington Wizards",,
"Jordan Poole","Washington Wizards","Elbow","2025-4-22"
"AJ Johnson","Washington Wizards",,
"Malcolm Brogdon","Washington Wizards","Ankle","2025-4-22"
"Justin Champagnie","Washington Wizards",,
"Colby Jones","Washington Wizards",,
"Kyshawn George","Washington Wizards",,
"Marcus Smart","Washington Wizards",,
"JT Thor","Washington Wizards","Knee","2025-4-22"
"Jaylen Martin","Washington Wizards",,
"Saddiq Bey","Washington Wizards","Knee","2025-4-22"
"Khris Middleton","Washington Wizards","Knee","2025-4-22"
"Bilal Coulibaly","Washington Wizards","Hamstring","2025-4-18"
"Corey Kispert","Washington Wizards","Thumb","2025-4-18"
"Jordan Poole","Washington Wizards","Elbow","2025-4-22"
"AJ Johnson","Washington Wizards",,
"Marcus Smart","Washington Wizards",,
"Carlton Carrington","Washington Wizards",,
"Colby Jones","Washington Wizards",,
"Justin Champagnie","Washington Wizards",,
"Kyshawn George","Washington Wizards",,
"Malcolm Brogdon","Washington Wizards","Ankle","2025-4-22"
"Khris Middleton","Washington Wizards","Knee","2025-4-22"
"Bilal Coulibaly","Washington Wizards","Hamstring","2025-4-18"
"Corey Kispert","Washington Wizards","Thumb","2025-4-18"
"Jakob Poeltl","Toronto Raptors","Hand","2025-4-22"
"Jonathan Mogbo","Toronto Raptors",,
"Colin Castleton","Toronto Raptors",,
"Chris Boucher","Toronto Raptors","Illness","2025-4-18"
"Ulrich Chomche","Toronto Raptors","Knee","2025-4-18"
"Scottie Barnes","Toronto Raptors",,
"Jonathan Mogbo","Toronto Raptors",,
"Ochai Agbaji","Toronto Raptors",,
"Jared Rhoden","Toronto Raptors","Shoulder","2025-4-22"
"Jamison Battle","Toronto Raptors",,
"Colin Castleton","Toronto Raptors",,
"Chris Boucher","Toronto Raptors","Illness","2025-4-18"
"RJ Barrett","Toronto Raptors",,
"Brandon Ingram","Toronto Raptors","Ankle","2025-4-22"
"Ulrich Chomche","Toronto Raptors","Knee","2025-4-18"
"Immanuel Quickley","Toronto Raptors",,
"Jamal Shead","Toronto Raptors",,
"Scottie Barnes","Toronto Raptors",,
"RJ Barrett","Toronto Raptors",,
"AJ Lawson","Toronto Raptors",,
"RJ Barrett","Toronto Raptors",,
"Jamison Battle","Toronto Raptors",,
"Ochai Agbaji","Toronto Raptors",,
"Ja'Kobe Walter","Toronto Raptors","Hip","2025-4-22"
"Scottie Barnes","Toronto Raptors",,
"AJ Lawson","Toronto Raptors",,
"Jared Rhoden","Toronto Raptors","Shoulder","2025-4-22"
"Garrett Temple","Toronto Raptors","Knee","2025-4-18"
"Jonathan Mogbo","Toronto Raptors",,
"Brandon Ingram","Toronto Raptors","Ankle","2025-4-22"
"Gradey Dick","Toronto Raptors","Knee","2025-4-18"
"Ja'Kobe Walter","Toronto Raptors","Hip","2025-4-22"
"Ochai Agbaji","Toronto Raptors",,
"RJ Barrett","Toronto Raptors",,
"AJ Lawson","Toronto Raptors",,
"Jared Rhoden","Toronto Raptors","Shoulder","2025-4-22"
"Jamison Battle","Toronto Raptors",,
"Garrett Temple","Toronto Raptors","Knee","2025-4-18"
"Immanuel Quickley","Toronto Raptors",,
"Scottie Barnes","Toronto Raptors",,
"Brandon Ingram","Toronto Raptors","Ankle","2025-4-22"
"Gradey Dick","Toronto Raptors","Knee","2025-4-18"